,_header,activation,hidden_layer_sizes,validation_fraction,_n,|,hoge(ave),hoge(std),hoge(min),hoge(max),piyo(ave),piyo(std),piyo(min),piyo(max),_process_time(ave),_process_time(std),_process_time(min),_process_time(max)
0,sample,relu,"[100, 200]",0.1,2,|,600.2647803582282,0.1703358898918168,600.0944444683364,600.43511624812,1.073608024195559,0.13328903138222575,0.9403189928133332,1.2068970555777847,2.4437904357910156e-05,1.0728836059570312e-06,2.3365020751953125e-05,2.5510787963867188e-05
1,sample,relu,[300],0.1,2,|,600.4803527984529,0.2625564894084391,600.2177963090445,600.7429092878614,0.4079659569852224,0.009683905626784256,0.3982820513584382,0.4176498626120067,2.2411346435546875e-05,4.76837158203125e-07,2.193450927734375e-05,2.288818359375e-05
2,sample,relu,"[500, 500, 500]",0.4,2,|,3001.320417115878,0.08105476058562999,3001.2393623552925,3001.401471876464,1.4021034822826084,0.1724001405042891,1.2297033417783192,1.5745036227868974,2.372264862060547e-05,2.2649765014648438e-06,2.1457672119140625e-05,2.5987625122070312e-05
3,sample,relu,"[500, 500, 500]",0.5,2,|,3001.1218031824556,0.0960254076678666,3001.0257777747875,3001.217828590123,2.294248881238327,0.015225228219436726,2.27902365301889,2.3094741094577635,2.3126602172851562e-05,1.9073486328125e-06,2.1219253540039062e-05,2.5033950805664062e-05
4,sample,tanh,"[100, 200]",0.1,2,|,601.2092340175874,0.21375899608540294,600.995475021502,601.4229930136728,0.7519089267784571,0.18737940642091916,0.5645295203575379,0.9392883331993762,2.777576446533203e-05,2.0265579223632812e-06,2.574920654296875e-05,2.9802322387695312e-05
5,sample,tanh,[300],0.1,2,|,600.3930945084046,0.01942998114054717,600.373664527264,600.4125244895451,0.7077854814666705,0.3980343406105599,0.3097511408561106,1.1058198220772304,2.3484230041503906e-05,1.7881393432617188e-06,2.1696090698242188e-05,2.5272369384765625e-05
