{
    "_header": "sample",
    "_param": {
        "_seed": 5168185,
        "activation": "relu",
        "hidden_layer_sizes": [
            500,
            500,
            500
        ],
        "validation_fraction": 0.5
    },
    "_process_time": 2.5033950805664062e-05,
    "giro": [
        1500.730584182104,
        1500.4099621622927,
        1500.7658490473898
    ],
    "goro": "___relu___",
    "hoge": 3001.0257777747875,
    "piyo": 2.27902365301889
}