{
    "_header": "sample",
    "_param": {
        "_seed": 6400996,
        "activation": "relu",
        "hidden_layer_sizes": [
            300
        ],
        "validation_fraction": 0.1
    },
    "_process_time": 2.288818359375e-05,
    "giro": [
        900.3176526660573
    ],
    "goro": "___relu___",
    "hoge": 600.2177963090445,
    "piyo": 0.3982820513584382
}