{
    "_header": "sample",
    "_param": {
        "_seed": 3246075,
        "activation": "relu",
        "hidden_layer_sizes": [
            500,
            500,
            500
        ],
        "validation_fraction": 0.4
    },
    "_process_time": 2.1457672119140625e-05,
    "giro": [
        1500.8073197761194,
        1500.6717084014206,
        1500.3581748694469
    ],
    "goro": "___relu___",
    "hoge": 3001.4014718764633,
    "piyo": 1.5745036227868974
}