{
    "_header": "sample",
    "_param": {
        "_seed": 7587603,
        "activation": "relu",
        "hidden_layer_sizes": [
            500,
            500,
            500
        ],
        "validation_fraction": 0.5
    },
    "_process_time": 2.1219253540039062e-05,
    "giro": [
        1500.4078568432092,
        1500.7636370116486,
        1500.0645942430133
    ],
    "goro": "___relu___",
    "hoge": 3001.217828590123,
    "piyo": 2.3094741094577635
}