{
    "_header": "sample",
    "_param": {
        "_seed": 7901026,
        "activation": "relu",
        "hidden_layer_sizes": [
            500,
            500,
            500
        ],
        "validation_fraction": 0.4
    },
    "_process_time": 2.5987625122070312e-05,
    "giro": [
        1500.4432789502116,
        1500.3523839352288,
        1500.508652760556
    ],
    "goro": "___relu___",
    "hoge": 3001.2393623552925,
    "piyo": 1.2297033417783192
}